{
  "specvit": {
    "dwarfs": 0.46609563432627416,
    "giants": 0.42961681518900346,
    "subgiants": 0.41680957186250994
  },
  "lightgbm": {
    "dwarfs": 0.5886301569204135,
    "giants": 0.6649957420874092,
    "subgiants": 0.3777352618900447
  }
}